,OS,Remission,pCR,pRelapse
Age.at.Dx,0.46135750151417004,0.6283472821521205,0.46538601079112163,0.45016921590480014
AHD,0.6589582608672,0.49446447780168296,0.4732561054056195,0.6175160712000001
WBC,0.45935634276000015,0.6618289735789128,0.4450180300215147,0.5446491747984
ABS.BLST,0.5230810674763835,0.5126194461268558,0.39593320920793407,0.7175323284998398
BM.BLAST,0.5557644640800001,0.5148526424424023,0.5216107738316871,0.7001316000000001
BM.MONOCYTES,0.7938000000000001,0.5470219067335915,0.49078410930953154,0.6589582608671999
BM.PROM,0.567106596,0.5342441450408286,0.5110205219799371,0.5671065960000001
PB.BLAST,0.5103959364,0.5837331546966013,0.4728238553042471,0.5446491747984
PB.MONO,0.6175160712000001,0.4824733217390277,0.5458141982971617,0.6457790956498561
PB.PROM,0.686128968,0.46135750151417015,0.5987878781231102,0.6724063886400001
HGB,0.7471182095999999,0.5253598392269411,0.39421583124166576,0.6175160712000001
PLT,0.6589582608672001,0.5581856191159097,0.49878207257235346,0.7001316000000001
LDH,0.642978,0.5126194461268558,0.48457518824564927,0.5446491747984001
ALBUMIN,0.6301184400000001,0.5065969878259788,0.692752878572713,0.78447412008
BILIRUBIN,0.533756191302432,0.6485923941073345,0.49078410930953154,0.9417611811560401
CREATININE,0.4921675101000001,0.5581856191159095,0.6260001394254229,0.9417611811560401
FIBRINOGEN,0.5360814685989196,0.6618289735789128,0.41225865182000626,0.642978
CD13,0.5904900000000002,0.48247332173902746,0.4399257880088157,0.7175323284998398
CD33,0.5103959364,0.6078021185928791,0.4022610522874138,0.5230810674763833
CD34,0.59306243478048,0.5276485383119291,0.543118256801007,0.605165749776
CD7,0.6175160712000001,0.35734432358523016,0.47695248718127425,0.6051657497759999
CD10,0.567106596,0.470772960728745,0.6287272720292658,0.6724063886399999
CD20,0.5930624347804802,0.42554146977382235,0.4091901528258606,0.8470728
HLA.DR,0.645779095649856,0.6891180482912463,0.35479424811749893,0.5557644640800001
CD19,0.5581856191159096,0.5360814685989195,0.484381358170351,0.605165749776
ACTB,0.8168202000000001,0.5812011860848704,0.49862786870477327,0.77839444564938
AIFM1,0.5446491747984,0.6979478019999065,0.8183143378140174,1.2012259963724998
AKT1,0.49018425731856,0.5360814685989194,0.34896548546985445,0.7119714529539662
AKT1_2_3.pS473,0.6724063886400001,0.7062450513613198,0.5846201292210905,0.7534089449248319
AKT1_2_3.pT308,0.5103959364000001,0.4430877444542091,0.6413018174698512,0.8576612100000001
ARC,0.9805926501000002,0.7475700256016645,0.5029818176234125,2.0
ASH2L,0.5930624347804799,0.48038057217218894,0.8488490153022181,1.0131123043125
ASNS,0.6301184400000001,0.640972471224404,0.6207732288386014,0.8405079858
ATF3,0.6301184400000001,0.574373002070271,0.5008001115403382,0.847585063040436
ATG7,0.7471182096,0.42554146977382235,0.6566401265048321,0.907578
BAD,0.55576446408,0.5886481878591466,0.4949165115099175,1.0169108964
BAD.pS112,0.42041202325478755,0.5651629393548584,0.4772409218131349,0.8613975603640579
BAD.pS136,0.622715556519504,0.6589582608671999,0.5474722359982621,0.9194784389233303
BAD.pS155,0.7175323284998398,0.4450180300215147,0.46741343743764874,0.8470728
BAK1,0.6457790956498559,0.6618289735789129,0.5634001254828804,0.8241959532258352
BAX,0.7687846376783999,0.5606173217706156,0.5725814608611198,0.6483918747599999
BCL2,0.6227155565195039,2.0,0.7383407660263352,0.5954619258
BCL2L1,0.5743730020702708,0.583733154696601,0.5478530990201805,1.1576250000000001
BCL2L11,0.5446491747984,0.5045555895935541,0.5029818176234125,0.90812685325761
BECN1,0.6178895109564779,2.0,0.6254283800320727,0.6671952391280401
BID,0.6381922245225232,0.49847371251098516,0.6060302175090093,0.8969154106247997
BIRC2,0.583733154696601,2.0,0.8272862169736412,0.7718950890000001
BIRC5,0.8168202,0.5956460762210216,0.49272501239843586,0.823697826084
BMI1,0.6200145000000002,0.43422598956512487,0.7303334959963264,1.038291702224534
BRAF,0.732175845408,0.49446447780168296,0.5174082785046861,0.67240638864
CASP3,0.610261245389114,0.49446447780168296,0.660163635630729,0.8510143356225003
CASP3.cl175,0.6780680504323486,0.6306944869919427,0.6359471425297504,0.8039710563397874
CASP7.cl198,0.583552687284,0.6810220138127013,0.4434928101468737,0.83349
CASP8,0.9223681599999999,0.5360814685989195,0.6087256655779784,1.2826167949876492
CASP9,0.5230810674763834,0.5253598392269411,2.0,0.9189227250000003
CASP9.cl315,0.5382504184331984,0.5628855420288654,0.5961906089765932,0.7204354164000001
CASP9.cl330,0.5581856191159095,0.7945256827814848,0.38013669441160614,1.0767469504550724
CAV1,0.8969154106248,0.5956460762210216,0.8644086408527617,0.8168202000000001
CBL,0.7204354164,0.5276485383119293,0.543118256801007,0.8969154106248
CCNB1,0.7351381800000001,2.0,0.6354240372648,0.9189227250000002
CCND1,0.5230810674763834,0.5148526424424021,0.5980016767535199,0.73513818
CCND3,0.5786802000000001,0.5492351208502025,0.6441541434687599,2.0
CCNE1,0.4726776767000401,0.7478012164284712,0.7489374901230824,0.9115318099090558
CCNE2,0.5382504184331984,0.5653377196199243,0.6653198645812336,0.9229259575329192
CD44,0.533756191302432,0.6512165556352276,0.5635743605864463,1.0341077712170512
CD74,0.6724063886399999,0.49231971606023206,0.5820314208956524,0.706026708072
CDK1,0.7972581427776,0.5296195808198383,0.5191877016917673,0.847585063040436
CDK2,0.7687846376784,0.5045555895935541,0.56090537971124,0.78764805
CDK4,0.64839187476,0.5956460762210215,0.6797191894109269,0.622715556519504
CDKN1A,0.514693470184488,0.525359839226941,1.6808779516513879,0.7351381800000001
CDKN2A,0.6379949205000001,0.5023670572043187,0.6846141406540892,0.715284345120993
CLPP,0.830131344,0.6674015735364474,0.638520142213931,1.09872137801538
COPS5,0.6301184400000001,0.645779095649856,0.7505444608210825,0.81048984345
CREB1,0.5337561913024321,0.6102612453891142,0.45391839062194517,0.9152198067599999
CREB1.pS133,0.48038057217218894,0.6647121923808633,0.4966185830708813,0.6354240372648001
CTNNA1,0.605165749776,0.756691126458557,0.59878787812311,1.0254732861476876
CTNNB1,0.8236978260840001,0.506596987825979,0.5912125988939063,0.6227155565195039
CTNNB1.pS33_37_41,0.470772960728745,0.5126194461268557,0.5427331657846062,0.7471182095999999
CTSG,0.6175160712000001,0.3908033906086123,0.6925553354599175,0.71442
DIABLO,0.6202062434621217,0.5230810674763834,0.7101799431743081,0.7237876924469365
DLX1,0.69190617391056,0.5724044411151734,0.6107636356855723,0.8405079857999999
DUSP6,0.7204354164000001,0.6618289735789128,0.5586959059547416,0.7687846376783998
EGFR,0.6861289680000001,2.0,0.7786351691258551,0.9684865679999999
EGFR.pY992,0.6589582608672,0.46336737819816215,0.6873840437637745,0.847585063040436
EGLN1,0.7501410000000002,0.6356205462251878,0.4927697890520822,0.9965726784719998
EIF2AK2,2.0,0.69190617391056,0.8555031059931985,0.6861289679999999
EIF2AK2.pT451,0.59306243478048,0.3753275763405113,0.8501853498890598,0.7501410000000001
EIF2S1,0.732175845408,0.523559262140012,0.6469603629181144,0.8203786289181504
EIF2S1.pS51.,0.5786802000000002,0.6949204222578585,0.641689641537457,0.7148520419229
EIF4E,0.71442,0.605165749776,1.4256893043001144,0.98
ELK1.pS383,0.8470728,0.5342441450408285,0.5611298316438974,0.7235739507058087
ERBB2,0.5337561913024321,0.4468185432625134,0.6491853297745124,0.8894264399999998
ERBB2.pY1248,0.78447412008,0.6254283800320728,0.5383115729562753,0.732175845408
ERBB3,0.441165831586704,0.38298732279644004,0.5542023028581704,0.6510152250000003
ERG,0.605165749776,0.386212076054386,0.5731049082120199,0.9081268532576102
Fli1,0.6202062434621216,0.4086900275707789,0.5543660126835924,0.8648827173882
FN1,0.5884662009109316,0.6229081353006841,0.546144276704511,1.0594813288005451
FOXO1.pT24_FOXO3.pT32,0.7204354164000001,2.0,0.7814727608500748,0.8825333850899999
FOXO3,0.533756191302432,0.5405952745645223,0.454515163631557,0.5580130500000002
FOXO3.S318_321,0.7031816819298432,0.6328635137368589,0.8837940672006387,0.9805926501000003
GAB2,0.5954619258000001,0.5651629393548584,0.601210533904176,0.794280046581
GAB2.pY452,0.8716379111999998,0.6006614161828026,0.521610773831687,0.7471182095999999
GAPDH,0.567106596,0.5427824869564057,0.7390157486173831,0.854205152976
GATA1,0.6330504598661253,0.5792092227477026,0.5477127094467302,0.98
GATA3,0.7972581427775999,0.6810220138127013,0.5564445683781535,0.88253338509
GRP78,0.7687846376784,0.5342441450408286,0.4140546322675932,0.8716379111999999
GSKA_B,0.5103959364,0.5023670572043185,0.6030368508717846,0.94911683664
GSKA_B.pS21_9,0.6808114684980001,0.43234251495496995,0.5987878781231101,0.6175160712000001
H3histon,0.5812011860848704,0.472823855304247,0.7694874517048969,0.854205152976
H3K27Me3,0.5718816335383201,0.744557595276277,0.5991499920984659,0.726501482606088
H3K4Me2,0.7001316000000001,0.5793883469160281,0.360464604317427,0.8613975603640579
H3K4Me3,0.5839055878538716,0.5768752241019636,0.4525436838233404,0.7294408591050002
HDAC1,0.7204354164000001,0.6485923941073344,2.0,0.9450000000000001
HDAC2,0.6354240372648,0.3377948187064601,0.5750758781494351,1.3627578591697012
HDAC3,0.5604440008675536,0.6463694594321133,0.7070352537605107,0.9010888701448637
HIF1A,0.5557644640800001,0.5817325134889021,0.5891863232260924,0.605165749776
HNRNPK,0.6751269000000001,0.7878916352129918,0.5634001254828804,0.9411919999999999
HSP90AA1_B1,0.78447412008,0.525359839226941,1.2237849914550532,0.73513818
HSPA1A_L,0.5043996007807983,0.5699216113042264,0.469074211803311,0.7534089449248319
HSPB1,0.7001316000000001,0.5470219067335912,0.9827727089553757,1.1583250679306252
IGF1R,0.5208121800000001,2.0,0.741776357903252,1.0512703485023407
IGFBP2,0.37369957622647787,0.5212883004729323,0.6382647341570458,0.8648827173881999
INPP5D,0.583552687284,0.754097702670799,0.7014122895548719,0.5126194461268558
INPPL1,0.6175160712000001,0.6512165556352276,0.6415584408461894,0.7659129020602503
IRS1.pS1101,0.5557644640800001,0.49446447780168296,0.8224370225127504,0.9075780000000001
ITGA2,0.706453674193573,0.49646504806945935,0.5886481878591464,0.7355827511386642
ITGAL,0.622715556519504,0.5384168758284992,0.5937881816337539,0.8716379112
ITGB3,0.7534089449248319,0.6618289735789128,0.582264326626303,0.8203786289181504
JMJD6,0.7656867203236069,0.5470219067335914,0.523875881985995,0.680811468498
JUNB,0.622715556519504,0.7599876066221203,0.5128828416664529,0.7119714529539662
JUN.pS73,0.5581856191159095,0.40869002757077905,0.4809684271233407,0.9648688612500003
KDR,0.500188017672,0.5837331546966011,0.5869321254595941,0.9044674383822606
KIT,0.5718816335383199,0.6381922245225231,0.5153233147750079,0.8004837959999999
LCK,0.38910826345947297,0.6409724712244039,0.5792750308967832,0.6516103755911655
LEF1,0.67240638864,0.4613575015141701,0.5791565915772617,0.8135287171199999
LGALS3,0.5446491747984,0.48247332173902746,0.5748458477981754,0.8825333850899999
LSD1,0.7471182096,0.4824733217390275,0.5496872721170154,0.8405079858000001
LYN,0.7471182095999999,0.6006614161828027,0.5092690903437055,0.7910793921710736
MAP2K1,0.3796720792200001,0.6281530217999158,0.7222465831492422,0.8334900000000001
MAP2K1_2.pS217_221,0.5337561913024321,0.5651629393548583,0.4042578039148333,0.9766412249025599
MAPK1,0.6076142100000002,0.7121916346937822,0.4560782905752991,1.1211442632809998
MAPK1_3.pT202Y204,0.5337561913024319,0.5475219878356468,0.6788978210012587,0.8339940489100502
MAPK14,0.45935634276000004,0.6180805972521038,0.5453156770105904,0.8475850630404359
MAPK14.pT180Y182,0.6724063886400001,0.49446447780168307,0.4090636472684014,0.7817854750400909
MAPK9,0.605165749776,0.5812011860848705,0.5653377196199242,0.8371210499164798
MAPT,0.680811468498,0.5606173217706155,0.5679166969576306,0.7938000000000001
MCL1,0.6461696273290546,0.5253598392269411,2.0,1.1117830499999999
MDM2,0.7654500000000001,0.5274854100645344,0.6628346136293543,2.0
MDM4,0.6301184400000001,0.6593567625806681,0.81523459429625,0.6076142100000002
MET.pY1230_1234_1235,0.5786802000000001,0.6030916521737844,0.6207732288386015,0.8619184862317004
MSI2,0.5812011860848704,0.6867562191690044,0.41392662280374903,0.8894264399999999
MTOR,0.6202062434621217,0.6006614161828026,0.5678005799777077,0.6354240372648
MTOR.pS2448,0.4593563427600001,0.5169357018632439,1.0442904393492947,0.8969154106248
MYC,0.45935634276000004,0.6951353308570327,0.5170955675456906,1.140103817766799
NCL,0.7503729859171349,0.5274854100645345,0.6465693533345321,0.8512775172658766
NF2,0.5671065960000002,0.5382504184331987,0.6084821753117469,0.80722386956232
NF2.pS518,0.6301184400000001,0.5606173217706156,0.6287272720292656,0.933897762
NOTCH1.cl1744,0.6728130230414983,0.46915947042563916,0.6068514409430293,0.8334900000000001
NOTCH3,0.67240638864,0.5191877016917673,0.676361850642198,0.9882515999999999
NPM1,0.878977102412304,0.5768752241019636,0.6261937339849403,0.878977102412304
NPM1.3542,0.6301184400000001,0.6921201503340934,2.0,0.8334900000000001
NR4A1,0.6301184400000001,0.5886481878591464,0.5170955675456906,0.80722386956232
NRP1,0.4803805721721888,0.7752578043276521,0.523721176200971,1.2515123196456444
ODC1,0.4803805721721888,0.5494049753352033,0.44345251115859236,0.9729930570617252
PA2G4,0.45016921590480025,0.47473686905808127,0.5860416432184494,0.6616243620000001
PA2G4.pS65,2.0,0.6564967731945003,1.4006781283819216,1.0006047450000002
PA2G4.pT37_46,0.500188017672,0.5720584916026689,0.6601636356307289,0.83712104991648
PA2G4.pT70,0.5023670572043186,0.5253598392269412,0.7188448476867938,0.8004837960000001
PARK7,0.6457790956498559,0.6153996450752903,0.8379919559065008,0.7351381799999999
PARP1,0.607802118592879,0.622908135300684,0.6541872980439452,0.9805926501
PARP1.cl214,0.6589582608672,0.4170306403783457,0.39926696682946494,0.6538513343454794
PDK1,0.5514572894833801,0.41213119760292477,0.5858072265611622,0.9535331959204907
PDK1.pS241,0.5146934701844879,0.7786351691258552,0.6340211556597523,1.0382917022245342
PIK3CA,0.7235739507058088,0.42912452894931774,0.45429207352669376,0.7204354164000001
PIK3R1_2,0.5812011860848706,0.6306944869919426,0.8458341742292493,0.8270304525000002
PIM1,0.586094900071705,0.6078021185928791,0.4786906522220225,0.933897762
PIM2,0.6328635137368588,0.5169357018632439,0.5842667967970612,0.878977102412304
PLAC1,0.7001316000000001,0.5886481878591465,0.47903030249848816,1.1117830499999999
PPARA,0.3813260981902835,0.45213035148388686,0.579388346916028,0.8716379112
PPARG,0.8751645000000001,0.7383407660263354,0.5258401171173551,0.823697826084
PPP2R2A_B_C_D,0.567106596,0.7296664433707516,0.6903785917183969,0.8969154106247998
PRKAA1_2,0.6175160712000001,0.5860949000717051,0.5130880768972118,0.7938000000000001
PRKAA1_2.pT172,0.6354240372648001,0.756691126458557,0.48501818127971935,0.7783944456493801
PRKCA,0.59306243478048,2.0,0.6675987221129267,1.1256803381250005
PRKCA.pS657,0.622715556519504,0.5320913390045158,0.6415584408461895,0.9609807970980002
PRKCB.I,0.55576446408,0.572058491602669,0.4328715844110067,0.7910793921710736
PRKCB.II,0.645779095649856,0.7878916352129914,0.543446704851216,0.7413280434756
PRKCD.pS645,0.9411919999999999,2.0,0.7915577934780922,1.047034118357265
PRKCD.pS664,0.5103959364,0.6753356873254213,0.4074152722749642,1.211340319261956
PRKCD.pT507,0.5382504184331983,0.4633673781981618,0.5567810754486573,0.6433668377306101
CDKN1B,0.7148520419229002,0.583733154696601,0.5517984256343125,0.7910793921710736
CDKN1B.pS10,0.57188163353832,0.6030916521737845,0.588950648696802,0.9266600543445
PTEN,0.6457790956498561,0.40869002757077894,0.5347325448608904,0.933897762
PTEN.pS380T382T383,0.5103959364000002,0.59306243478048,0.5789775390586036,2.0
PTGS2,0.6483918747600002,0.5170955675456905,0.4829143932710406,0.9805926501
PTK2,0.6751269000000001,0.4397897801976099,0.4732561054056195,1.2113403192619565
PTPN11,0.5230810674763835,0.5862761536799215,0.47888220510406426,0.960980797098
RAC1_2_3,0.64839187476,0.4636475973032904,0.35633988828714047,0.882
RB1,0.6354240372648,0.4768050321659086,0.5263208340722634,0.69190617391056
RB1.pS807_811,0.49018425731856,0.5360814685989194,0.5702741696410574,0.85766121
RELA,0.5766968768927128,0.5497372252470125,0.6165253418693214,0.8104898434500001
RPS6,0.605165749776,0.5956460762210215,0.45991846978194334,0.7269408307451866
RPS6KB1,0.6483918747599999,0.6356205462251878,0.6595606728899116,0.9571084004045087
RPS6KB1.pT389,0.9529569,0.4541000306341987,0.4970725860372457,0.64839187476
RPS6.pS235_236,0.6865439010627532,2.0,1.1173017414114632,0.9535331959204906
RPS6.pS240_244,2.0,0.5627115198810001,0.6624340099739923,0.8371210499164798
SFN,0.732175845408,0.49646504806945924,0.6447430217385226,0.7505946440190451
SIRT1,0.7471182096,0.506596987825979,0.6491853297745125,0.7413280434756001
SMAD1,0.5103959364000001,0.607802118592879,0.5917530786157686,0.8613975603640579
SMAD2,0.6175160712000001,0.6921201503340934,0.5726985555460138,0.8306333617796272
SMAD2.pS245,0.8716379111999998,0.5297833690732318,0.5521321229732229,0.7321758454079998
SMAD2.pS465,0.6407743076585695,0.5606173217706156,0.5087577140238004,0.868381975125
SMAD3,0.5446491747984,0.5862761536799215,0.7215301081367039,0.7501410000000001
SMAD4,0.6861289680000001,0.6254283800320727,0.4526836358610714,0.71442
SMAD5,0.5786802000000001,0.5384168758284992,0.670714435098667,1.2360615502673022
SMAD5.pS463,0.64839187476,0.5695771623631729,0.8216251829958675,0.8072238695623198
SMAD6,0.5337561913024319,2.0,0.7627572407570407,0.9724050000000001
SOCS2,0.5470219067335913,0.41703064037834575,0.4619220774092565,0.8173141679318492
SPI1,0.600475715215236,0.44308774445420895,0.7728396783029909,0.8510143356225003
SPP1,0.5230810674763835,0.5023670572043186,0.4242141527227864,0.8004837959999999
SQSTM0,0.7204354164000001,0.6254283800320727,2.0,0.7233502500000001
SRC,0.59306243478048,0.5065969878259788,0.6897480320428907,0.8371210499164798
SRC.pY416,0.5557644640800001,2.0,0.5910298191303087,0.823697826084
SRC.pY527,0.686128968,0.41213119760292505,0.5072169245278015,0.8681255332467198
SSBP2,0.533756191302432,0.5743730020702709,0.628475781120454,1.1305842979778258
STAT1,0.605165749776,0.4086900275707788,0.7604472053272872,0.7179662525878386
STAT1.pY701,0.569577162363173,0.6153996450752903,0.6159062654980451,0.88942644
STAT3,0.605165749776,0.6381922245225232,0.4986278687047731,0.7321758454079998
STAT3.pS727,0.8135287171199999,0.5837331546966011,0.6419464201054993,0.9301344999071998
STAT3.pY705,0.46135750151417,0.4886553113306778,0.5915701317570244,0.8969154106247998
STAT5A_B,0.5251974185556,0.5404281436937125,0.601210533904176,1.0175258681800434
STAT5A_B.pY694,0.7001316000000001,0.47680503216590864,0.6788978210012587,1.0169108964
STAT6.pY641,0.7001316000000001,0.6129198124314313,0.4949165115099177,1.153657446916149
STK11,0.7233502500000001,0.5980560204813318,0.5367374862728059,0.6891180482912463
STMN1,2.0,0.5676250382927485,0.7575377718862614,0.9848645440162392
TAZ,0.53591573322,0.5191877016917673,0.506753656194777,0.6328635137368589
TAZ.pS89,0.49018425731856,0.7445575952762771,0.5912125988939065,0.8272862169736412
TCF4,0.5695771623631729,0.6919061739105599,0.46336737819816204,0.7910793921710734
TGM2,0.59306243478048,0.5235592621400119,0.454515163631557,0.7060267080720002
TNK1,0.64839187476,0.5695771623631729,0.5412568159072231,0.9269466299117324
TP53,0.6175160712000001,0.7599876066221202,0.7510589682244809,0.8716379111999998
TP53.pS15,0.6589582608672,0.6279588215053983,0.7817144363152762,0.6808114684980001
TRIM24,0.5930624347804802,0.5382504184331984,0.4927697890520821,0.960980797098
TRIM62,0.6751269000000001,2.0,0.8077120341613183,0.800483796
TSC2,0.6301184400000001,0.40213668893626203,0.5630596179941963,0.861397560364058
VASP,0.7091024716916925,0.42899186046406895,0.7547870900711333,0.7564571872200001
VHL,0.6301184400000001,2.0,0.7566911264585571,0.8168202
WTAP,0.7031816819298431,0.37696266874080847,0.6440956109295952,0.8576612100000001
XIAP,0.7687846376783998,0.6949204222578585,0.6306371774952405,0.847585063040436
XPO1,0.610261245389114,0.5581856191159097,0.5588686862482363,1.3297098994101566
YAP1,0.605165749776,0.8308902404760791,0.6415584408461895,0.6589582608672
YAP1p,0.5718816335383202,0.6949204222578587,0.4617792692074906,0.9766412249025599
YWHAE,0.7687846376783998,0.31792978100797065,0.6543896096631133,0.6029051998725
YWHAZ,0.5360814685989194,0.735365526198792,0.5545374539298124,0.7628265567363924
ZNF296,0.7060267080720001,0.6104499725946703,0.6800891230882358,0.907578
ZNF346,0.8168202,0.5126194461268556,0.7101799431743081,0.907578
Ras.Stat,0.39704924842803374,0.5148526424424023,0.3786048843244955,0.5557644640800001
PRIOR.MAL,0.7471182096,0.5337561913024321,0.6340211556597521,1.055212011445971
PRIOR.CHEMO,0.6457790956498559,0.7721338025087319,0.5410894805137583,0.9152198067599998
ITD,0.5954619258000002,0.3987789700087882,0.3863315146168322,0.605165749776
Infection,0.6175160712000001,0.7786351691258552,0.6190215663553071,0.6076142100000002
SEX,0.8168202,0.5792092227477026,0.49878207257235346,0.8334900000000001
D835,0.3970492484280337,0.5253598392269411,0.48096842712334087,0.7471182096
PRIOR.XRT,0.6175160712000001,0.5980560204813317,0.6312710605993846,0.823697826084
cyto.cat=diploid,2.0,0.6538513343454792,0.6678051813010357,0.8208747487920955
cyto.cat=-5,0.5446491747984,0.506596987825979,0.4809684271233406,0.9261
cyto.cat=IM,0.6589582608672,0.622908135300684,0.6877997358273203,0.7119714529539661
cyto.cat=Misc,0.830131344,0.47488368448073626,0.6844024847945585,0.7265014826060879
cyto.cat=11q23,0.6589582608672001,0.5382504184331983,0.5517984256343123,1.1117830499999999
"cyto.cat=-5,-7",0.794280046581,0.5045555895935541,0.523559262140012,1.0296222826050003
cyto.cat=8,0.45016921590480014,0.40691731633549805,0.6736363628884989,0.8107404926341683
cyto.cat=-7,0.6076142100000002,0.6730210947856241,0.7046760486147072,0.9848645440162392
"cyto.cat=-5,-7,+8",0.5446491747984,0.7950061682155188,0.5651757909465145,0.7628265567363925
cyto.cat=t6;9,0.3587901148629002,2.0,0.7328451920999018,0.800483796
cyto.cat=21,0.5064403678929001,0.406917316335498,0.8487958221394929,1.090206287335761
cyto.cat=inv9,0.5604440008675535,0.7007716522132695,0.471349058580874,0.6301184400000001
"cyto.cat=-7,+8",0.45016921590480014,0.6078021185928791,0.6159062654980447,0.889964316192458
cyto.cat=t9;22,0.7290000000000001,2.0,0.9417611811560399,2.0
ACTB_Squared,0.6407743076585697,0.5360814685989195,0.643764829906698,0.88942644
AIFM1_Squared,0.726501482606088,0.45410003063419874,0.5917530786157688,0.8542051529759997
AKT1_Squared,0.6751269000000002,0.4273953160326627,0.4547900294041875,1.0987213780153797
AKT1_2_3.pS473_Squared,0.8203786289181503,0.6949204222578587,0.5008001115403382,1.1440247584499998
AKT1_2_3.pT308_Squared,0.5812011860848705,0.5980560204813317,0.5088039476579319,0.9529568999999999
ARC_Squared,0.7001316000000001,0.5360814685989194,0.5545374539298122,0.8441696091567767
ASH2L_Squared,0.533756191302432,0.572058491602669,0.6463694594321134,0.6947055801
ASNS_Squared,0.6175160712000001,0.6925387065344071,0.405648090347674,0.918922725
ATF3_Squared,0.6175160712000001,0.7820272472141618,0.7217532459519636,0.7413280434756001
ATG7_Squared,0.583552687284,0.6839888459599084,0.5237211762009709,0.8751645000000001
BAD_Squared,0.7235739507058084,0.48247332173902746,0.5499072350110197,0.8306333617796273
BAD.pS112_Squared,0.49018425731856013,0.48486823266786505,0.5819124180010787,1.0767469504550722
BAD.pS136_Squared,0.76236552,0.6512165556352278,0.6111329919404354,1.001209855716515
BAD.pS155_Squared,0.7654500000000002,2.0,0.6566997990336763,0.7628265567363923
BAK1_Squared,0.6724063886400001,0.5253598392269412,0.7447878544896779,2.0
BAX_Squared,0.6004757152152361,0.583733154696601,0.7540977026707991,0.732175845408
BCL2_Squared,0.7938000000000001,0.5360814685989194,0.506550954732299,2.0
BCL2L1_Squared,0.6645066894237017,0.6701018357486495,0.6897480320428908,0.7844741200800001
BCL2L11_Squared,0.732175845408,0.5169357018632439,0.6875870951066183,1.058841
BECN1_Squared,0.7844741200799998,0.5768752241019637,0.48880643112090627,0.77839444564938
BID_Squared,0.6645066894237016,0.8007313507497957,0.698999132956976,0.9338977619999999
BIRC2_Squared,0.7031816819298432,0.6356205462251878,0.5341955997249905,1.0727248454105522
BIRC5_Squared,0.75645718722,0.7415573039293858,2.0,0.9529568999999999
BMI1_Squared,0.5230810674763834,0.6409724712244039,0.6205249195470661,0.8935650524036254
BRAF_Squared,0.6301184400000001,0.6078021185928792,0.6087256655779781,0.8648827173882
CASP3_Squared,0.55576446408,0.5006452837742043,0.5725814608611199,0.7687846376783999
CASP3.cl175_Squared,0.8004837960000001,0.5516278311882882,0.6308895333085639,0.726501482606088
CASP7.cl198_Squared,0.5230810674763834,0.6030916521737846,0.5407624571216262,0.6538513343454793
CASP8_Squared,0.5980560204813316,2.0,0.7478012164284712,0.7881243762199975
CASP9_Squared,0.9417611811560401,0.7950061682155188,0.673636362888499,1.0090298369529
CASP9.cl315_Squared,0.5954619258000001,0.6512165556352278,0.4292572384631469,0.6755351796171407
CASP9.cl330_Squared,0.8969154106248,0.46336737819816215,0.5453156770105901,1.03766418
CAV1_Squared,0.6381922245225232,0.5540309652275259,0.5320913390045157,0.76236552
CBL_Squared,0.4803805721721888,0.5910298191303088,0.6387756524749211,0.9266600543445003
CCNB1_Squared,0.6051657497760001,0.4005162270193634,0.581912418001079,0.771895089
CCND1_Squared,0.6616243620000001,0.6381922245225231,0.769487451704897,0.9081268532576099
CCND3_Squared,0.605165749776,0.6229081353006841,0.5678005799777075,0.6538513343454792
CCNE1_Squared,0.4803805721721888,0.7060267080720002,0.6207732288386016,0.8334900000000001
CCNE2_Squared,0.6175160712000001,0.735365526198792,1.3446572974191546,0.8899643161924579
CD44_Squared,0.567106596,0.781312979922048,0.4891020343660947,0.8547217292712365
CD74_Squared,0.7060267080720001,0.5108625344634736,0.582264326626303,0.9189227250000002
CDK1_Squared,0.45213035148388675,0.4541000306341987,0.4772409218131349,0.8648827173882
CDK2_Squared,0.6616243620000001,0.6921201503340935,0.5258401171173551,0.8140206945440347
CDK4_Squared,0.7938000000000001,0.6057189853070617,0.675682690173472,1.177913383151923
CDKN1A_Squared,0.48038057217218894,0.7503729859171347,0.6816445962632379,0.5671065960000001
CDKN2A_Squared,0.6127303216482001,0.5860949000717051,1.228769824585365,0.6947055801
CLPP_Squared,0.6724063886400001,0.6782777473274115,0.52600273654735,0.78447412008
COPS5_Squared,0.6919061739105601,0.7091024716916925,0.5382015090781678,0.8334900000000002
CREB1_Squared,0.5446491747984,0.7036069275360819,0.48291439327104047,1.1117830499999999
CREB1.pS133_Squared,0.5359157332200001,0.6485923941073345,0.5217648562096957,0.7692495563441129
CTNNA1_Squared,0.6301184400000001,0.638578168079342,0.5891863232260925,0.8405079858000001
CTNNB1_Squared,0.6354240372648001,0.574720351271408,0.46741343743764885,0.823697826084
CTNNB1.pS33_37_41_Squared,0.5786802000000001,0.5470219067335913,0.5866307012524786,0.71442
CTSG_Squared,0.7443274072500001,0.640972471224404,0.5432293261692758,0.8547217292712366
DIABLO_Squared,0.7031816819298431,0.5516278311882881,0.7101799431743078,0.9044674383822608
DLX1_Squared,0.6780680504323487,0.5126194461268558,0.6441541434687598,0.9491168366399998
DUSP6_Squared,0.5001880176720003,2.0,0.5884662009109313,0.7910793921710736
EGFR_Squared,0.45935634276000004,0.7031816819298432,0.6515511655244197,0.9152198067599999
EGFR.pY992_Squared,0.5337561913024321,0.5743730020702708,0.47517086801450775,0.8405079858
EGLN1_Squared,0.6051657497760001,0.673021094785624,0.5565583630184779,1.14402475845
EIF2AK2_Squared,0.7031816819298431,0.5045555895935542,0.6546514702512138,0.6751269000000001
EIF2AK2.pT451_Squared,0.6724063886400001,0.7240115284346285,0.7390157486173832,0.8933011737108748
EIF2S1_Squared,0.8135287171199999,0.46915947042563927,0.6059063077895448,0.6947055801000002
EIF2S1.pS51._Squared,0.6175160712000001,0.7351381800000001,0.6163347363977031,2.0
EIF4E_Squared,0.6328635137368588,0.6254283800320728,0.513041453975881,0.8306333617796273
ELK1.pS383_Squared,0.9724050000000001,0.5516278311882881,0.9840313719200152,0.78447412008
ERBB2_Squared,0.470772960728745,0.5320913390045159,0.5793883469160284,0.8039710563397874
ERBB2.pY1248_Squared,0.6919061739105601,2.0,0.7296664433707516,0.9805926501000002
ERBB3_Squared,0.7938000000000001,0.7060267080719999,0.5363569194597024,1.1124553952405727
ERG_Squared,0.7623655199999999,0.5956460762210215,2.0,0.7815437776125003
Fli1_Squared,0.6616243620000001,0.6202062434621216,0.5453156770105905,0.88253338509
FN1_Squared,0.6483918747599999,0.6104499725946703,0.6336379662678415,1.0090298369529
FOXO1.pT24_FOXO3.pT32_Squared,0.76236552,0.6839888459599084,0.778540188996643,0.823697826084
FOXO3_Squared,0.5930624347804799,0.6254283800320726,0.4886553113306778,0.7876480500000002
FOXO3.S318_321_Squared,0.6865439010627532,0.6254283800320728,0.6630395994863485,1.0337880656250003
GAB2_Squared,0.6645066894237017,0.4923197160602321,0.5089612985432176,0.9805926501
GAB2.pY452_Squared,0.6076142100000003,0.7235739507058085,0.7360377888599914,0.6279588215053982
GAPDH_Squared,0.6977320238948869,0.622908135300684,0.4886553113306778,0.847585063040436
GATA1_Squared,0.81352871712,0.40051622701936335,0.6680117043379733,0.583552687284
GATA3_Squared,0.97664122490256,0.5886481878591465,0.7278304082828788,0.6977320238948869
GRP78_Squared,0.7413280434756,0.4450180300215148,0.5791565915772617,0.7031816819298432
GSKA_B_Squared,2.0,0.7475700256016646,0.6952774881885029,0.77839444564938
GSKA_B.pS21_9_Squared,0.5446491747984,0.5956460762210217,0.41867987074812485,0.7718950890000001
H3histon_Squared,2.0,0.567106596,0.7070995059739701,2.0
H3K27Me3_Squared,0.5786802000000002,0.49431160876518226,0.49878207257235324,0.7564571872200001
H3K4Me2_Squared,0.882,0.6622292113415397,0.7515131673802202,0.6671952391280401
H3K4Me3_Squared,2.0,0.7752578043276521,0.8342519669205593,0.830131344
HDAC1_Squared,0.71442,2.0,0.5023670572043186,2.0
HDAC2_Squared,0.5786802000000001,0.5886481878591465,0.47680503216590864,0.83712104991648
HDAC3_Squared,0.5557644640800001,0.5253598392269411,0.6185894247367836,0.8275305950309975
HIF1A_Squared,0.8072238695623201,0.4787341534955502,0.5341955997249903,0.8789771024123041
HNRNPK_Squared,0.67240638864,0.6595606728899116,0.6931718174122655,0.878977102412304
HSP90AA1_B1_Squared,0.6724063886399999,0.6949204222578587,0.5941472720676563,0.7534089449248319
HSPA1A_L_Squared,0.76236552,0.5126194461268557,0.5195016778584268,0.8654057508871269
HSPB1_Squared,0.5604440008675536,0.5516278311882882,0.6736363628884993,0.8507630225817854
IGF1R_Squared,0.6175160712000002,2.0,0.7036069275360818,0.4823241598980001
IGFBP2_Squared,0.8643599999999999,0.59306243478048,0.7475020959419002,2.0
INPP5D_Squared,0.69190617391056,0.6865439010627531,0.4693045610019828,0.6004757152152361
INPPL1_Squared,0.6589582608672001,0.6254283800320728,0.5654533329372643,0.9115318099090558
IRS1.pS1101_Squared,0.5860949000717051,0.7538645652172308,0.5842667967970611,0.9266600543445003
ITGA2_Squared,0.59306243478048,0.42554146977382223,0.5611298316438975,0.9
ITGAL_Squared,0.5146934701844882,0.622908135300684,0.5132467526769515,0.985460135924911
ITGB3_Squared,0.49018425731856,0.47282385530424714,0.613851135682145,0.8894264399999998
JMJD6_Squared,0.5604440008675536,0.5606173217706155,0.633196828082795,0.8334900000000001
JUNB_Squared,0.7534089449248318,0.7602121048563597,0.7484848476538878,1.030244941532294
JUN.pS73_Squared,0.49216751010000004,0.7007716522132698,0.4891020343660944,1.153657446916149
KDR_Squared,0.5604440008675536,0.4342259895651247,0.6284757811204538,0.933897762
KIT_Squared,0.7290000000000001,0.5743730020702709,0.8621850400536135,2.0
LCK_Squared,0.5557644640800001,0.402136688936262,0.6038296720569067,0.7881243762199975
LEF1_Squared,0.7031816819298431,0.4613575015141702,0.4985825597433243,0.6865439010627532
LGALS3_Squared,0.7351381800000001,0.49446447780168296,0.6759530714020329,2.0
LSD1_Squared,0.48038057217218894,0.35890107300790924,0.6413600961215145,0.6780680504323489
LYN_Squared,0.7938000000000001,0.756691126458557,2.0,0.7501410000000001
MAP2K1_Squared,0.5126194461268558,0.4824733217390274,0.35479424811749916,1.0987213780153797
MAP2K1_2.pS217_221_Squared,0.4085636766324467,0.5429503459229753,0.6897480320428907,1.0254732861476878
MAPK1_Squared,0.41342070848400003,0.5581856191159097,2.0,0.8751645
MAPK1_3.pT202Y204_Squared,0.6301184400000002,0.5297833690732319,0.8427399178551418,0.8894264399999998
MAPK14_Squared,0.686128968,0.4327377574830712,0.5193482638196097,0.622715556519504
MAPK14.pT180Y182_Squared,0.7471182096,0.3620349470586725,2.0,0.9882515999999999
MAPK9_Squared,0.5446491747984001,0.7694874517048969,0.9129168699954083,0.7659129020602501
MAPT_Squared,0.8371210499164798,0.6618289735789128,0.5963749847475621,0.8306333617796273
MCL1_Squared,0.5208121800000001,0.7597526482410991,2.0,1.1728041312797584
MDM2_Squared,0.5812011860848704,0.7031816819298431,0.6260001394254227,1.0090298369529
MDM4_Squared,0.5103959364,0.6540535420657183,0.5092690903437054,0.9157732813620392
MET.pY1230_1234_1235_Squared,0.6301184400000001,0.5429503459229752,0.48291439327104035,0.8613975603640579
MSI2_Squared,0.6178895109564778,0.49446447780168307,0.5748980872274292,0.91521980676
MTOR_Squared,0.6808114684980001,0.6279588215053982,0.43638140940107867,0.9571084004045087
MTOR.pS2448_Squared,0.8751645000000001,0.48247332173902746,0.6312710605993848,0.91521980676
MYC_Squared,0.86436,0.5190271892034415,0.714722134494606,0.9529569000000001
NCL_Squared,0.567106596,0.42369566465587066,2.0,0.9338977620000001
NF2_Squared,0.5337561913024321,0.569577162363173,0.5281309085045831,0.6751269000000002
NF2.pS518_Squared,0.67240638864,0.5581856191159096,0.6680117043379732,0.9541098403530576
NOTCH1.cl1744_Squared,0.6301184400000001,0.7235739507058084,0.6281530217999158,0.67240638864
NOTCH3_Squared,0.6328635137368588,0.5342441450408285,0.6729599391849211,1.063767919528125
NPM1_Squared,0.59306243478048,0.5253598392269412,0.6983698824434272,0.7413280434755999
NPM1.3542_Squared,0.4687309620000001,0.6129198124314313,0.6006068357097529,0.7060267080720001
NR4A1_Squared,0.7910793921710737,0.5360814685989194,0.380136694411606,0.8542051529759999
NRP1_Squared,0.59306243478048,0.5606173217706156,0.5194544721505794,0.830131344
ODC1_Squared,0.6051657497760001,0.4069173163354981,0.45254368382334065,0.8410162788018727
PA2G4_Squared,0.567106596,0.7878916352129917,0.8644548597772322,0.8439086250000003
PA2G4.pS65_Squared,0.5786802000000002,0.5360814685989194,0.7419383329513755,2.0
PA2G4.pT37_46_Squared,0.43234251495496995,0.622908135300684,0.5389090903107991,0.6175160712
PA2G4.pT70_Squared,0.732175845408,0.5516278311882882,2.0,0.8334900000000001
PARK7_Squared,0.63011844,0.4728238553042471,0.9151081656487964,1.1031667313625
PARP1_Squared,0.7783944456493802,0.5792092227477025,0.5586451387737368,0.64839187476
PARP1.cl214_Squared,0.5446491747984,0.8627064421456607,0.5866307012524787,0.8576612100000001
PDK1_Squared,0.5884662009109312,0.586094900071705,0.5703907924777394,0.7844741200799998
PDK1.pS241_Squared,0.6175160712000001,0.8512775172658767,0.43978978019760995,0.86436
PIK3CA_Squared,0.81,0.49646504806945935,0.7887731902189313,1.03766418
PIK3R1_2_Squared,0.69190617391056,0.5384168758284993,0.7926885186910227,0.76236552
PIM1_Squared,0.5251974185556002,0.572058491602669,0.4947185449053138,0.6051657497760001
PIM2_Squared,0.8277865141769251,0.6782777473274115,0.49292218127094417,0.6861289679999999
PLAC1_Squared,0.7538645652172306,0.6254283800320727,0.5816796530338786,0.972405
PPARA_Squared,0.7204354164,0.6328635137368588,0.5191877016917672,1.0090298369529003
PPARG_Squared,0.5446491747984,0.48653574710807,0.43462295394393646,0.6589582608672
PPP2R2A_B_C_D_Squared,0.5446491747984,0.7415573039293858,0.5453156770105902,0.686128968
PRKAA1_2_Squared,0.6354240372648002,0.712402014130283,0.6280959432392597,0.6865439010627531
PRKAA1_2.pT172_Squared,0.567106596,0.583733154696601,0.7214645446535825,1.1440247584499998
PRKCA_Squared,0.6780680504323489,0.7387872739128859,0.574898087227429,0.7265014826060879
PRKCA.pS657_Squared,0.5446491747984001,0.4152217513627532,0.7273905225013486,0.6701018357486492
PRKCB.I_Squared,0.735365526198792,0.5148526424424023,0.5846201292210903,0.9684865679999999
PRKCB.II_Squared,0.533756191302432,0.4597762810171262,0.5863960489719778,0.9075779999999999
PRKCD.pS645_Squared,0.686128968,0.474736869058081,0.5300555838271219,0.5001880176720002
PRKCD.pS664_Squared,0.5337561913024321,0.5956460762210217,0.5344093634703786,0.7687846376783998
PRKCD.pT507_Squared,0.3891082634594731,0.6979478019999066,0.5842667967970612,0.7351381800000001
CDKN1B_Squared,0.5812011860848706,0.5405952745645223,0.7870631552761856,0.67240638864
CDKN1B.pS10_Squared,0.7175323284998399,0.6205813100868242,0.5256297810705082,0.7383407660263351
PTEN_Squared,0.6861289680000001,0.7036069275360818,0.594147272067656,0.7060267080720001
PTEN.pS380T382T383_Squared,0.569577162363173,0.5360814685989195,0.7270995662923482,0.878977102412304
PTGS2_Squared,2.0,0.605165749776,0.49661858307088114,0.8579264472319241
PTK2_Squared,0.5930624347804802,0.49646504806945924,0.5092690903437052,0.9882515999999999
PTPN11_Squared,0.5954619258000002,0.7235739507058087,0.46519985638680506,2.0
RAC1_2_3_Squared,0.605165749776,0.5110205219799369,0.6387756524749211,0.8894264399999998
RB1_Squared,0.8334900000000001,0.6006614161828026,0.6312710605993848,0.66719523912804
RB1.pS807_811_Squared,0.5126194461268557,0.6008471745795848,0.4292572384631469,0.610261245389114
RELA_Squared,0.64839187476,0.574373002070271,0.5279676311272308,0.8716379112
RPS6_Squared,0.7779240000000001,0.6078021185928791,0.515323314775008,0.7534089449248318
RPS6KB1_Squared,0.45213035148388675,0.6810220138127013,0.5982409731427768,0.8716379111999999
RPS6KB1.pT389_Squared,0.7849485268817479,0.6949204222578587,0.8721024461089638,0.9805926501
RPS6.pS235_236_Squared,0.7564571872200002,0.529783369073232,0.6985858578102953,0.8275305950309975
RPS6.pS240_244_Squared,0.6589582608672,0.4865357471080701,0.6624340099739922,0.76236552
SFN_Squared,0.59306243478048,0.6595606728899116,0.5700978632191241,0.8441696091567767
SIRT1_Squared,0.4501692159048001,0.610261245389114,0.4526836358610714,0.8168202
SMAD1_Squared,0.5001880176720002,0.6595606728899116,0.5521321229732229,1.1673722025
SMAD2_Squared,0.605165749776,2.0,0.7445575952762771,0.9338977619999999
SMAD2.pS245_Squared,0.6589582608672,0.4613575015141702,0.5653377196199242,0.933897762
SMAD2.pS465_Squared,0.4844253765898786,0.5360814685989194,0.6110080389011328,0.8510143356225003
SMAD3_Squared,0.7175323284998398,0.5628855420288654,0.4984284175572914,0.8716379111999999
SMAD4_Squared,0.6645066894237018,0.605165749776,0.5008001115403382,0.9423307065215384
SMAD5_Squared,0.6861289680000001,0.4038885736508663,0.443492810146874,1.1344725
SMAD5.pS463_Squared,0.5786802000000001,2.0,0.8721650298686086,2.0
SMAD6_Squared,0.6919061739105599,0.48457518824564927,0.5957137518799093,0.9805926501
SOCS2_Squared,0.569577162363173,0.7478012164284713,0.7246734114023551,1.153657446916149
SPI1_Squared,0.7175323284998399,0.5384168758284993,0.579738729121884,0.988849240213842
SPP1_Squared,0.6051657497759999,0.5451470867763558,0.40601892914146004,0.66719523912804
SQSTM0_Squared,0.686128968,0.5126194461268557,0.5540309652275258,0.9081268532576101
SRC_Squared,0.4803805721721888,0.5516278311882881,0.6338251411682405,0.8933011737108748
SRC.pY416_Squared,0.6589582608672,0.732175845408,0.47134905858087395,0.9301344999071999
SRC.pY527_Squared,0.605165749776,0.4652421316769193,0.4949165115099177,0.9261
SSBP2_Squared,0.5230810674763833,0.6921201503340935,0.51934826381961,0.8306333617796274
STAT1_Squared,0.6175160712000001,0.46336737819816204,0.5196623370854135,0.605165749776
STAT1.pY701_Squared,0.5671065960000001,2.0,0.83712104991648,0.6751269000000001
STAT3_Squared,0.7687846376784,0.5446491747984001,0.8285432670366927,0.8969154106247998
STAT3.pS727_Squared,0.6301184400000001,0.5384168758284993,0.6202767095792473,1.0006047450000002
STAT3.pY705_Squared,0.425409909030036,0.6977320238948868,0.5281309085045833,0.7383407660263354
STAT5A_B_Squared,0.8203786289181504,0.6409724712244039,0.6207732288386015,0.7383407660263354
STAT5A_B.pY694_Squared,0.8470728,0.5676250382927485,0.5915701317570247,0.854205152976
STAT6.pY641_Squared,0.7235739507058087,0.4450180300215148,0.5586959059547418,0.847585063040436
STK11_Squared,0.7783944456493801,0.6232848358809667,0.5840330900783423,0.8894264399999999
STMN1_Squared,0.5446491747984,0.6281530217999158,0.6809601311901959,0.7148520419229002
TAZ_Squared,0.5884662009109313,2.0,0.6254283800320727,0.9417611811560399
TAZ.pS89_Squared,0.5446491747983999,0.5910298191303087,0.47546481273886093,1.02102525
TCF4_Squared,0.7031816819298432,0.4430877444542091,0.6132347445822596,0.6981539738476771
TGM2_Squared,0.7471182096,0.5886481878591465,0.5564445683781534,0.9882516
TNK1_Squared,0.7031816819298432,0.6279588215053982,0.6844024847945585,0.94176118115604
TP53_Squared,0.6153996450752902,0.7445575952762772,0.44197281769114444,1.1031667313625004
TP53.pS15_Squared,0.6947055800999999,0.5812011860848706,0.586396048971978,0.8759645652665873
TRIM24_Squared,0.680811468498,0.5632259442459795,0.4691168391775822,1.4022778370856224
TRIM62_Squared,0.5446491747984,0.7091024716916924,0.5723524282767753,0.8405079858
TSC2_Squared,0.5103959364,0.703606927536082,0.558868686248236,0.6538513343454792
VASP_Squared,0.6616243620000001,0.3619230200426359,0.8258851194980387,0.8168202000000001
VHL_Squared,0.854205152976,0.6006614161828026,0.7364829040326154,0.6589582608671999
WTAP_Squared,0.6175160712000002,0.427263182152273,0.574668127992538,1.121144263281
XIAP_Squared,0.7849485268817478,0.5792092227477027,0.6032781621366392,0.83712104991648
XPO1_Squared,0.4051522943143201,0.4291245289493178,0.5320913390045156,1.1117830499999999
YAP1_Squared,0.5446491747984,0.4923197160602321,0.6260001394254228,0.9529569000000001
YAP1p_Squared,0.6589582608672,0.5886481878591465,0.5450975507397864,0.6354240372648001
YWHAE_Squared,0.8470728,0.6229081353006841,0.5392349928886192,0.67240638864
YWHAZ_Squared,2.0,0.6538513343454793,0.5915701317570247,0.8275305950309972
ZNF296_Squared,0.7471182096,0.6254283800320727,0.6159062654980451,0.7060267080720001
ZNF346_Squared,0.732175845408,0.5695771623631729,0.49707258603724563,0.9684865679999999
PCA_1,0.71442,0.6647121923808633,0.6897480320428908,1.05063498225
PCA_2,0.42540990903003617,0.5230810674763834,0.5542023028581704,0.5557644640800001
PCA_3,0.605165749776,0.5792092227477026,0.5891863232260924,0.8004837960000001
PCA_4,0.567106596,0.5676250382927486,0.5368960370397767,0.55576446408
PCA_5,0.4236956646558706,0.5274854100645345,0.5219262153391077,0.6616243620000001
PCA_6,0.7175323284998399,0.6032781621366391,0.469304561001983,0.6593567625806682
PCA_7,0.5001880176720002,0.5910298191303084,0.541781626379002,0.7942800465809999
PCA_8,0.6616243620000001,0.7267261578507981,0.6621690363700028,0.80722386956232
PCA_9,0.441165831586704,0.583733154696601,0.5725814608611199,0.7298819848173398
PCA_10,0.583552687284,0.5606173217706157,0.6495779213567671,1.121144263281
PCA_11,0.60761421,0.6618289735789128,0.6083577642618296,0.7204354164
PCA_12,0.5208121800000002,0.5297833690732319,0.5110205219799369,0.9266600543445
PCA_13,0.7001316000000001,0.47473686905808093,1.1422476450803611,0.5786802000000001
PCA_14,0.6354240372648001,0.6202062434621216,0.6437648299066979,0.8648827173882001
PCA_15,0.55576446408,0.4824733217390274,0.4788386903774888,0.6538513343454793
PCA_16,0.567106596,2.0,0.8244508411123899,0.817314167931849
PCA_17,0.40515229431432004,0.6780680504323489,0.6873840437637746,0.8140206945440347
PCA_18,0.8470728,0.7945256827814848,2.0,0.8643599999999999
PCA_19,0.5557644640800001,0.40691731633549816,0.5032859933627113,0.8168201999999999
PCA_20,0.6589582608671999,0.7091024716916925,0.5702741696410574,0.8716379112
PCA_21,0.7031816819298431,0.7817854750400909,0.7213170330827914,0.8716379111999999
PCA_22,0.732175845408,0.6618289735789127,0.5189328683042765,0.9684865679999999
PCA_23,0.642978,0.7011954403660875,0.4807760397524912,0.8716379111999999
PCA_24,0.533756191302432,0.6306944869919429,0.4947185449053137,1.0640968965823459
PCA_25,0.5446491747984001,0.5956460762210215,0.5702741696410574,0.9615619454301412
PCA_26,0.5695771623631731,0.6006614161828024,0.4964199356376529,0.6753356873254213
PCA_27,0.6202062434621217,0.6407743076585697,0.665250191667362,0.9157732813620392
PCA_28,0.7878916352129917,0.6837773834169891,0.4830637376455255,0.6780680504323486
PCA_29,0.4429507590900001,0.6254283800320726,0.6287272720292657,1.0216427099148115
PCA_30,0.567106596,0.6229081353006841,0.730041362597928,0.9535331959204905
PCA_31,0.8004837960000001,0.765686720323607,2.0,0.7623655199999999
PCA_32,0.6671952391280399,0.6814338584704445,0.5410894805137585,0.8510143356225002
PCA_33,0.583733154696601,0.4844253765898787,0.6493180901882244,1.0594813288005451
PCA_34,0.882,0.504860717063583,0.5214495122244255,0.9690722554095652
PCA_35,0.533756191302432,0.6566997990336765,0.6032781621366392,0.823697826084
PCA_36,0.645779095649856,0.744557595276277,0.6393596137904074,0.7383407660263352
PCA_37,0.5812011860848704,0.6129198124314311,2.0,0.6893216118542251
PCA_38,0.6102612453891141,2.0,0.90812685325761,0.9609807970980001
PCA_39,0.5604440008675535,0.6979478019999065,0.6985127012507302,0.7628265567363922
PCA_40,0.5446491747984001,0.6180805972521038,0.7014122895548718,0.7534089449248319
PCA_41,0.7471182096,0.5581856191159095,0.5842667967970611,0.6433668377306101
PCA_42,0.8858423808639998,0.583733154696601,0.5564445683781537,1.0552120114459707
PCA_43,0.7204354164,0.3589010730079092,0.596190608976593,0.7204354164000001
PCA_44,0.6861289680000001,0.4923197160602323,1.7882117445310446,0.6751269000000001
PCA_45,0.6589582608672,0.5360814685989197,0.4966185830708812,0.7942800465810002
PCA_46,0.6645066894237018,0.5191877016917671,0.5564445683781536,0.8072238695623201
PCA_47,0.6328635137368588,0.6518118902805318,0.7360377888599914,0.81352871712
PCA_48,0.7844741200799998,0.5023670572043186,0.605663945266429,0.882
PCA_49,0.5695771623631731,0.6381922245225231,0.640914227795163,0.781785475040091
PCA_50,0.678068050432349,0.5360814685989195,0.7357433737444473,0.9529569
PCA_51,0.6808114684980002,0.7726007465651299,0.6157158514205766,1.0512703485023411
PCA_52,0.5930624347804802,0.5360814685989196,0.8834486769129326,0.8168202000000001
PCA_53,0.59306243478048,0.4824733217390274,0.5936046056009205,0.80722386956232
PCA_54,0.562711519881,0.6104499725946702,0.7422352270421925,1.02102525
PCA_55,0.605165749776,0.5088039476579319,0.6312136987110034,1.0512703485023407
PCA_56,0.7779240000000001,0.43611766942108443,0.579388346916028,0.854205152976
PCA_57,0.5359157332200002,0.5169357018632437,1.2528438829886406,0.893565052403625
PCA_58,0.4613575015141701,0.5023670572043184,0.5630596179941965,0.8686505278223233
PCA_59,0.6051657497759999,0.6306944869919427,0.6869686029359919,0.9805926500999999
PCA_60,0.71442,0.6078021185928792,0.6469603629181143,0.8825333850900001
PCA_61,0.7265014826060878,0.5191877016917672,0.4038885736508664,0.8072238695623201
PCA_62,0.567106596,0.5065969878259788,1.8596406147429845,0.80722386956232
PCA_63,0.605165749776,0.6207732288386016,0.4344885855611844,0.9609807970979999
PCA_64,0.6512165556352278,0.6463694594321133,0.5611298316438975,0.7972581427776
PCA_65,0.7471182095999999,0.5886481878591466,2.0,0.8643599999999999
PCA_66,0.80722386956232,0.525359839226941,0.7151543591318311,0.7413280434756001
PCA_67,0.45016921590480014,0.5956460762210216,2.0,0.8168202
PCA_68,0.6616243620000001,0.42054203837033144,0.5132467526769517,0.8894264399999999
PCA_69,0.67240638864,0.6647121923808633,0.5746681279925384,0.8039710563397874
PCA_70,0.7938000000000001,0.5628855420288653,0.5565583630184779,0.9152198067599998
PCA_71,0.7876480500000003,0.6227155565195039,0.5768752241019637,0.968486568
PCA_72,0.706026708072,0.759752648241099,0.5340304473828119,0.88942644
PCA_73,0.5296195808198383,0.8079618242901417,0.5586959059547415,0.6589582608672
PCA_74,0.500188017672,0.6202062434621216,0.6760913059019411,0.6328635137368589
PCA_75,0.59306243478048,0.6540535420657183,0.6260001394254227,0.7942800465810003
PCA_76,0.5103959364000001,0.598240973142777,0.5915701317570247,0.94176118115604
PCA_77,0.645779095649856,0.8833401869061318,0.6008471745795848,0.9039207967999998
PCA_78,0.6051657497760001,0.5470219067335912,0.64415414346876,0.8203786289181503
PCA_79,0.76236552,0.5676250382927485,0.5111250272618677,0.7383407660263355
PCA_80,0.686128968,0.5720584916026691,0.5797387291218842,1.042814958650699
PCA_81,0.6457790956498559,0.572058491602669,0.7360377888599915,0.8716379111999998
PCA_82,0.5786802000000002,0.8175669275821479,0.6012105339041757,0.6354240372648
PCA_83,0.6589582608672,0.5956460762210215,0.5982409731427768,0.8168202000000001
PCA_84,0.5954619258000001,0.622908135300684,0.543118256801007,0.7910793921710737
PCA_85,0.5103959364000001,0.6356205462251878,2.0,0.8861040562500002
PCA_86,0.533756191302432,0.6951353308570327,0.7481854537148261,0.6279588215053983
PCA_87,0.7534089449248319,0.7091024716916923,0.5476913125232715,0.8576612100000001
PCA_88,0.8405079857999999,0.6867562191690042,0.7328451920999018,0.8974578157347984
PCA_89,0.6175160712000001,0.6409724712244039,0.9311752073953166,0.605165749776
PCA_90,0.8894264399999998,0.7415573039293858,0.7456889403330234,0.55145728948338
PCA_91,0.7687846376784,0.5604440008675536,0.511020521979937,0.6175160712000001
PCA_92,0.5835526872840001,2.0,0.763062465743338,0.9603999999999999
PCA_93,0.7204354164,0.529783369073232,0.523559262140012,0.8648827173882
PCA_94,0.5766968768927128,0.6328635137368588,0.5170955675456905,0.8168202
PCA_95,0.5404281436937125,0.5516278311882882,0.5868121205606479,0.9888492402138419
PCA_96,0.7471182096,0.7296664433707514,0.6186456393873971,0.8683819751250001
PCA_97,0.6561000000000001,0.43234251495497006,0.5476913125232714,0.794280046581
PCA_98,0.7687846376784,0.622908135300684,0.49276978905208235,0.7290000000000001
PCA_99,0.7265014826060878,0.6180805972521038,0.6897480320428908,0.81352871712
PCA_100,0.6175160712000001,0.49446447780168307,0.6546514702512138,0.8648827173882
PCA_101,0.5043996007807983,0.5886481878591465,0.6869686029359919,0.9496908103013739
PCA_102,0.6175160712000001,0.735365526198792,0.5653377196199243,0.9423307065215386
PCA_103,0.6724063886400001,0.7415573039293859,0.5846201292210903,0.8716379112
PCA_104,0.7471182096,0.48457518824564927,0.772839678302991,0.6379949205000002
PCA_105,0.6483918747599999,0.6030916521737844,0.4850181812797192,0.8795086594201025
PCA_106,0.6616243620000001,0.7121916346937821,0.48096842712334087,0.6381922245225232
PCA_107,0.567106596,0.5492351208502025,0.6105193302312983,0.933897762
PCA_108,0.7471182096,0.7235739507058087,0.5635743605864463,0.7060267080720001
PCA_109,0.7471182096,0.6078021185928792,0.7181882882579038,0.7687846376784
PCA_110,0.7204354164000002,0.542782486956406,0.692475777421284,0.7119714529539662
PCA_111,0.7001316000000001,0.572058491602669,0.59878787812311,0.988849240213842
PCA_112,0.3587901148629001,0.6622292113415399,0.46566745065421766,1.089547389
PCA_113,0.6102612453891139,0.5360814685989195,0.6083577642618297,0.7501410000000001
PCA_114,0.583733154696601,0.46135750151417004,0.5891863232260924,0.686128968
PCA_115,0.533756191302432,0.7007716522132696,0.8114816622181406,0.45935634276000004
PCA_116,0.6589582608671999,0.5360814685989195,0.6759530714020329,0.8009678845732121
PCA_117,0.7938000000000001,0.5581856191159096,0.5959521327330023,0.7910793921710735
PCA_118,0.5604440008675536,0.6129198124314311,0.7103995708782302,1.1117830499999999
PCA_119,0.6227155565195039,0.4787341534955501,0.7540977026707989,1.004963820424734
PCA_120,0.64839187476,0.5628855420288655,0.5961906089765933,0.960980797098
PCA_121,0.73513818,0.3517230515477512,0.6707144350986675,0.8894264399999999
PCA_122,0.77839444564938,0.6949204222578584,0.6362016231790221,0.8969154106248001
PCA_123,0.605165749776,0.46135750151417015,0.5237211762009709,0.7844741200800001
PCA_124,0.6301184400000001,0.49646504806945924,0.6868966629461424,0.9338977620000001
PCA_125,0.6301184400000002,0.474736869058081,0.6382647341570457,0.9075779999999999
PCA_126,0.605165749776,0.5956460762210215,0.8344225740356441,0.9491168366399999
PCA_127,0.567106596,0.5023670572043186,0.5008001115403383,0.7628265567363922
PCA_128,0.6354240372648001,0.525359839226941,0.5276485383119291,0.7878916352129915
PCA_129,0.7501410000000001,0.6753356873254213,0.9809928211109431,0.9648688612500003
PCA_130,0.7088832450000001,0.4362464973728201,0.7158450120612396,0.8339940489100502
PCA_131,0.6780680504323487,0.5360814685989195,0.6207732288386016,0.9081268532576101
PCA_132,0.500188017672,0.7878916352129915,0.7073181810329241,0.9724050000000001
PCA_133,0.514693470184488,0.7752578043276521,0.641301817469851,0.9529568999999999
PCA_134,0.5557644640800001,2.0,0.753408944924832,1.02102525
PCA_135,0.6051657497760001,0.6030916521737846,0.4829143932710403,0.9971753508164425
PCA_136,0.6780680504323489,0.4672689315225906,0.6961915794606656,0.88942644
PCA_137,0.6780680504323486,0.7206582156748161,0.673229230877272,0.8236978260840002
PCA_138,0.71442,0.6356205462251879,0.9051986228304423,0.8716379112
PCA_139,0.6618289735789128,0.6202062434621216,0.7127680625007453,0.7910793921710737
PCA_140,0.45935634276000004,0.4943116087651823,0.5499072350110195,1.0090298369529
PCA_141,0.7445575952762771,0.622908135300684,0.570097863219124,0.94176118115604
PCA_142,0.5557644640800001,0.6867562191690042,0.5008001115403382,0.9690722554095652
PCA_143,0.5446491747984001,0.5581856191159095,0.6839888459599084,0.9266600543445003
PCA_144,0.6202062434621216,0.40691731633549816,0.6657222134427399,0.7355827511386643
PCA_145,0.8613975603640579,0.5562725375268937,0.5678005799777076,0.7813129799220478
PCA_146,0.686128968,0.525359839226941,0.6813719384247326,0.9529569000000001
PCA_147,0.4707729607287451,0.5045555895935542,0.6008471745795848,1.0424925611375626
PCA_148,0.605165749776,0.6757440932056531,0.634021155659752,0.6457790956498559
PCA_149,0.6561000000000001,0.44156914028884814,0.6628346136293538,0.6127303216482001
PCA_150,0.64839187476,0.43598283893089085,0.5151171854490982,0.622715556519504
PCA_151,0.7471182096,0.5023670572043187,0.5681439545394462,1.0169108964
PCA_152,0.41342070848400003,0.5276485383119291,0.5430613809529486,0.9491168366399999
PCA_153,0.5718816335383199,0.7091024716916925,0.6083577642618295,0.7597526482410991
PCA_154,0.5604440008675536,0.6512165556352276,0.6234775907154415,0.8795086594201025
PCA_155,0.59306243478048,0.5604440008675535,0.44524669041478243,0.8969154106248001
PCA_156,0.5001880176720003,0.43788217239726307,0.6110080389011328,0.9729930570617253
PCA_157,0.777924,0.8039710563397874,0.6363317283844601,0.7844741200799998
PCA_158,0.4557963311036101,0.5451470867763556,0.5344093634703787,0.9266600543445002
PCA_159,0.8135287171199999,0.529783369073232,0.6839888459599084,0.8613975603640579
PCA_160,0.7471182096,0.6701018357486493,0.8109062915798291,0.8716379112
PCA_161,0.7265014826060879,0.5720584916026692,0.6441541434687602,0.8168202000000001
PCA_162,0.6919061739105599,0.5320913390045158,0.48291439327104035,0.753408944924832
PCA_163,0.686128968,0.4809684271233407,0.5700978632191241,0.794280046581
PCA_164,2.0,0.48038057217218894,0.5907934072026567,1.06775644122
PCA_165,0.7204354164000001,0.6566997990336766,0.44170569837857815,0.622715556519504
PCA_166,0.686128968,2.0,0.6129198124314312,0.8405079858000001
PCA_167,0.6977320238948869,0.4359828389308909,0.5389090903107991,0.9571084004045087
PCA_168,0.9379662323964185,0.42726318215227305,0.613480136636914,0.69190617391056
PCA_169,0.5604440008675537,0.756691126458557,0.681994840772304,0.80722386956232
PCA_170,0.5208121800000002,0.5930624347804802,0.7733070492342464,0.960980797098
PCA_171,0.5446491747983999,0.525359839226941,0.5456454539396841,0.8470728
PCA_172,0.500188017672,0.6104499725946703,0.7424544812726684,0.69190617391056
PCA_173,0.5812011860848705,0.41703064037834564,0.6083577642618297,0.9301344999071999
PCA_174,0.75645718722,0.6647121923808633,0.7478012164284713,1.1117830499999999
PCA_175,0.9882516,0.5360814685989196,0.4788386903774889,0.9491168366399999
PCA_176,0.5695771623631729,0.5045555895935541,0.48698053246238254,1.1543551154888845
PCA_177,0.5557644640800001,0.5382504184331984,0.6676079717550942,0.9044674383822606
PCA_178,0.7001316000000001,0.49446447780168296,2.0,0.7148520419229002
PCA_179,0.6354240372648001,0.7445575952762771,0.9738170440876495,0.823697826084
PCA_180,0.4236956646558706,0.43234251495497006,0.5386935266746748,0.8272862169736412
PCA_181,0.3906825695173802,0.5886481878591465,0.5721754793387275,0.9805926501
PCA_182,0.5671065960000001,0.5930624347804799,0.708131115252224,0.6893216118542251
PCA_183,0.76236552,2.0,0.7119714529539661,0.7687846376783998
PCA_184,0.6589582608672,0.6540535420657182,0.5611298316438974,0.8654057508871272
PCA_185,0.7351381800000001,0.48457518824564927,0.7575377718862616,0.9535331959204907
PCA_186,0.6078021185928791,0.4803805721721888,0.7128427120513217,0.8405079858
PCA_187,0.5208121800000001,0.5768752241019636,0.701412289554872,0.827286216973641
PCA_188,0.7445575952762772,0.533756191302432,0.59878787812311,0.9648688612500003
PCA_189,0.7175323284998399,0.42054203837033155,0.6393596137904074,0.8140206945440349
PCA_190,0.622715556519504,0.4923197160602323,0.6256217977713295,0.8203786289181503
PCA_191,0.5980560204813317,0.5743730020702709,0.5476913125232714,0.6407743076585697
PCA_192,0.622715556519504,0.6919061739105601,0.543446704851216,0.8899643161924576
PCA_193,0.7534089449248319,0.5170955675456905,0.515323314775008,0.8863780896146156
PCA_194,0.7501410000000001,0.4291245289493177,0.3623659152211519,0.8905025176628537
PCA_195,0.533756191302432,2.0,0.5538596805677614,0.7974936506250001
PCA_196,0.7175323284998399,0.46336737819816215,0.4526836358610714,0.6620244760247977
PCA_197,0.6354240372648,0.6381922245225232,0.7950964946163823,0.7060267080720001
PCA_198,0.7564571872200001,0.8203786289181504,0.5725814608611198,0.703181681929843
PCA_199,0.76236552,2.0,0.726501482606088,0.8894264399999998
PCA_200,0.7501410000000001,0.5169357018632438,0.5768752241019637,0.847585063040436
PCA_Sq_1,0.5126194461268556,0.622908135300684,0.5214495122244255,0.6589582608672
PCA_Sq_2,0.71442,0.5297833690732318,0.9703064752601591,0.7501410000000001
PCA_Sq_3,0.6102612453891141,0.6057189853070617,0.48865531133067763,0.67240638864
PCA_Sq_4,0.686128968,0.5540309652275258,0.5982409731427769,1.0464013123956
PCA_Sq_5,0.645779095649856,0.42554146977382207,0.5212409324195357,1.225740812625
PCA_Sq_6,0.5557644640800001,0.6180805972521038,0.5680923288399033,0.6616243620000001
PCA_Sq_7,0.49018425731856,0.620581310086824,0.5258401171173551,0.88942644
PCA_Sq_8,0.5230810674763834,0.6356205462251878,0.59878787812311,0.8371210499164798
PCA_Sq_9,0.49018425731856013,2.0,0.847585063040436,0.7204354164
PCA_Sq_10,0.470772960728745,0.6078021185928791,0.608545902803635,0.800483796
PCA_Sq_11,2.0,0.5126194461268558,0.7754975577776737,0.6671952391280402
PCA_Sq_12,0.6724063886400001,0.7267261578507982,0.6038296720569064,0.9848645440162395
PCA_Sq_13,0.470772960728745,0.455937289043381,0.7820272472141618,0.7844741200800001
PCA_Sq_14,0.6051657497760001,0.6701018357486495,0.6897480320428909,1.0169108964
PCA_Sq_15,0.5468527890000001,0.8711732476951363,0.8112307838933861,0.7204354164000002
PCA_Sq_16,0.5103959364000001,0.47488368448073637,0.4454248603589258,0.5671065960000002
PCA_Sq_17,0.830131344,0.5839055878538716,0.5891863232260923,0.9266600543445002
PCA_Sq_18,0.732175845408,0.5538596805677611,0.5475219878356467,0.60761421
PCA_Sq_19,0.854205152976,0.6254283800320727,0.6816445962632379,0.8135287171199999
PCA_Sq_20,0.6861289680000001,0.4923197160602323,0.5521321229732228,0.8899643161924579
PCA_Sq_21,0.7321758454079998,0.4342259895651248,0.6389731979438168,0.9609807970979999
PCA_Sq_22,0.622715556519504,0.6570969349536431,0.5476913125232713,0.6152093876250003
PCA_Sq_23,0.6538513343454792,0.5230810674763834,0.6232848358809666,0.7064536741935729
PCA_Sq_24,0.5337561913024319,0.5067536561947766,0.6569028876598958,0.8789771024123039
PCA_Sq_25,0.5337561913024321,0.5274854100645344,0.5819124180010788,0.9766412249025598
PCA_Sq_26,0.5980560204813316,0.5718816335383202,0.5868121205606481,0.949690810301374
PCA_Sq_27,0.7813129799220478,0.5470219067335913,0.7068906924211357,0.7204354164000001
PCA_Sq_28,0.57188163353832,2.0,0.8077120341613183,0.6919061739105601
PCA_Sq_29,0.5296195808198383,0.6104499725946703,0.51934826381961,0.7204354164000001
PCA_Sq_30,0.57188163353832,0.5628855420288655,0.46033892192909326,0.8371210499164798
PCA_Sq_31,0.567106596,0.4923197160602322,0.49878207257235346,0.8905025176628538
PCA_Sq_32,0.622715556519504,0.49231971606023206,0.5582490386213226,0.8721650298686088
PCA_Sq_33,0.6457790956498559,0.6155899613639176,0.7766759156831963,0.933897762
PCA_Sq_34,0.7471182095999999,0.6622292113415399,0.6111329919404352,0.9724050000000001
PCA_Sq_35,0.5446491747984001,0.5956460762210215,0.656640126504832,0.8894264399999999
PCA_Sq_36,0.4803805721721888,0.5980560204813316,0.6087256655779782,0.9229259575329191
PCA_Sq_37,0.6354240372648,0.5956460762210216,0.8426948599412769,1.1673722025
PCA_Sq_38,0.6076142100000002,0.542782486956406,2.0,1.029
PCA_Sq_39,0.5446491747984,0.5276485383119291,0.7007079749947118,0.988849240213842
PCA_Sq_40,0.67240638864,0.5297833690732319,0.9281019091261228,1.08045
PCA_Sq_41,0.586094900071705,0.6485923941073346,2.0,0.7294408591050002
PCA_Sq_42,0.7351381800000001,0.6381922245225231,0.6914667661871144,1.2515123196456446
PCA_Sq_43,0.854205152976,0.542782486956406,0.5775811622192188,1.05063498225
PCA_Sq_44,0.5470219067335912,0.5628855420288655,0.5302676909034832,0.8168202
PCA_Sq_45,0.6328635137368588,0.470772960728745,0.6873840437637746,0.7148520419229
PCA_Sq_46,0.55576446408,0.7095312978659356,2.0,0.7088832450000001
PCA_Sq_47,0.5980560204813317,0.5170955675456905,0.5009025267166302,0.854205152976
PCA_Sq_48,0.81352871712,0.6645066894237017,0.6844024847945582,0.6780680504323487
PCA_Sq_49,0.6051657497760001,0.5768752241019637,0.6393596137904072,0.7413280434755999
PCA_Sq_50,0.5103959364,0.31655074639297603,0.692475777421284,0.8613975603640578
PCA_Sq_51,0.6891180482912463,0.7326186250896312,0.6686223929140233,0.4726776767000401
PCA_Sq_52,0.6861289680000001,0.4845751882456494,0.6362016231790222,0.7088832450000001
PCA_Sq_53,0.59306243478048,0.4617792692074905,0.8051926793359502,0.76236552
PCA_Sq_54,0.7564571872200002,2.0,0.7385691026454037,0.7564571872199999
PCA_Sq_55,0.7001316000000001,0.5297833690732319,0.5748980872274293,1.1031667313625002
PCA_Sq_56,0.49018425731856,0.5862761536799213,0.5586959059547417,0.9888492402138418
PCA_Sq_57,0.5904900000000002,0.6202062434621217,0.4910809085457159,0.7443274072500001
PCA_Sq_58,0.4726776767000402,0.45593728904338093,0.7790352495989445,0.7091024716916924
PCA_Sq_59,0.5604440008675537,0.5956460762210215,0.5427331657846061,0.6751269000000001
PCA_Sq_60,0.703181681929843,0.4824733217390275,0.769644814275721,0.7475700256016647
PCA_Sq_61,0.6175160712000001,0.48653574710807007,2.0,0.7654500000000001
PCA_Sq_62,0.6354240372648002,0.5628855420288654,0.581912418001079,0.6724063886400001
PCA_Sq_63,0.5718816335383201,0.48638532932434125,0.5027806248963631,0.8576612100000001
PCA_Sq_64,0.7687846376784,0.735365526198792,0.6134801366369143,0.933897762
PCA_Sq_65,0.823697826084,0.6205813100868242,0.7360377888599913,0.7883681087399287
PCA_Sq_66,0.5230810674763835,0.781312979922048,0.4751276905270631,0.7471182095999999
PCA_Sq_67,0.5251974185556002,0.4541000306341987,0.7522001920282761,0.69190617391056
PCA_Sq_68,0.6861289680000001,0.6383895895625812,0.5586959059547415,0.9044674383822608
PCA_Sq_69,0.753408944924832,0.6810220138127013,0.46930456100198265,0.64839187476
PCA_Sq_70,0.777924,0.5628855420288654,0.5702741696410574,1.0254732861476878
PCA_Sq_71,0.8168201999999999,2.0,2.0,0.9304092590625003
PCA_Sq_72,0.6751269000000001,0.6104499725946703,0.5987878781231101,0.7659129020602503
PCA_Sq_73,0.9152198067599999,0.7471182096,0.8595487571401028,1.03766418
PCA_Sq_74,0.6589582608672,2.0,0.7271656418611276,0.7910793921710735
PCA_Sq_75,0.76236552,0.5253598392269409,0.5820843133177719,0.7294408591050001
PCA_Sq_76,0.5812011860848704,0.47473686905808105,0.4949165115099177,1.153657446916149
PCA_Sq_77,0.830131344,0.6485923941073344,0.5521321229732228,0.800483796
PCA_Sq_78,0.37369957622647787,0.7721338025087318,0.3992669668294648,0.6354240372648
PCA_Sq_79,0.8894264399999998,0.6129198124314312,0.6844024847945582,0.8894264399999998
PCA_Sq_80,0.5671065960000001,0.5720584916026691,0.48713113431650074,0.9609807970980001
PCA_Sq_81,0.6589582608672,0.5956460762210215,0.5658545448263391,0.8301313439999999
PCA_Sq_82,0.6780680504323489,0.5470219067335914,0.5238831403348924,0.7813129799220478
PCA_Sq_83,0.5446491747984,0.4844253765898786,0.5092690903437052,1.2019524317876764
PCA_Sq_84,0.533756191302432,1.6916406215283333,0.7945256827814849,0.7321758454079998
PCA_Sq_85,0.605165749776,0.4824733217390275,0.6306371774952407,0.80722386956232
PCA_Sq_86,0.4803805721721888,0.6512165556352276,0.9752979665551937,1.08045
PCA_Sq_87,0.7471182095999999,0.5274854100645344,0.6435073239747354,0.7564571872199999
PCA_Sq_88,0.69190617391056,0.49446447780168296,0.5793883469160281,0.7235739507058087
PCA_Sq_89,0.71442,0.8342519669205594,0.665053736635401,0.7844741200799998
PCA_Sq_90,0.5446491747984,0.5405952745645223,0.570046059973201,0.8969154106248
PCA_Sq_91,0.7844741200799998,0.5538596805677611,0.5389090903107991,0.8716379111999999
PCA_Sq_92,0.59306243478048,0.5581856191159095,0.5634001254828805,0.9005442705
PCA_Sq_93,0.5557644640800001,0.3891082634594731,0.660163635630729,0.9260999999999999
PCA_Sq_94,0.5103959364,0.6202062434621216,0.5842667967970613,0.8004837959999999
PCA_Sq_95,0.8576612100000001,0.7813129799220478,0.6569028876598959,1.0216427099148113
PCA_Sq_96,0.7175323284998399,0.569577162363173,0.6260001394254229,0.7351381800000001
PCA_Sq_97,0.7175323284998399,0.6485923941073345,0.6387756524749211,0.7628265567363923
PCA_Sq_98,0.5446491747984,2.0,0.6008388499016339,0.661624362
PCA_Sq_99,0.7290000000000001,0.5088039476579318,0.7357433737444475,0.8716379111999998
PCA_Sq_100,0.5581856191159095,0.45593728904338104,0.6355217129966919,0.7088832450000001
PCA_Sq_101,0.6127303216482001,0.5606173217706156,0.6034647297788965,1.0684021615890458
PCA_Sq_102,0.45016921590480014,0.5494049753352033,0.5568757434039664,0.5208121800000001
PCA_Sq_103,0.5446491747983999,0.6104499725946703,0.5658545448263391,0.9417611811560401
PCA_Sq_104,0.8470728,0.6782777473274115,0.7393954717304029,1.0552120114459707
PCA_Sq_105,0.64839187476,0.4943116087651822,0.532413118581322,0.8405079858000001
PCA_Sq_106,0.5627115198810002,0.6435658030530028,2.0,0.7718950889999999
PCA_Sq_107,0.7779240000000001,0.5126194461268558,0.5496872721170152,0.8405079858
PCA_Sq_108,0.49018425731856,0.6514179485332461,0.5799180170434532,0.9266600543445002
PCA_Sq_109,0.6175160712000001,0.6202062434621217,0.6901651537165288,1.02102525
PCA_Sq_110,0.6561000000000001,0.6229081353006841,0.7358102348239332,0.9260999999999999
PCA_Sq_111,0.7534089449248318,0.5653377196199243,0.6365863629296317,0.6457790956498559
PCA_Sq_112,0.5230810674763835,0.8239525599215397,0.6207732288386015,0.7687846376784
PCA_Sq_113,0.4823241598980001,0.6006614161828027,0.710829181466721,0.55576446408
PCA_Sq_114,0.5446491747984,0.5470219067335913,0.45649523207502146,0.7501410000000002
PCA_Sq_115,0.67240638864,0.5768752241019636,0.670177970864898,1.09872137801538
PCA_Sq_116,0.48638532932434114,0.5494049753352034,0.4888064311209064,0.9502651310704496
PCA_Sq_117,0.605165749776,0.4037637071338981,0.7979869869532262,0.918922725
PCA_Sq_118,0.73513818,0.49231971606023234,0.6182717426423927,0.9845600625000002
PCA_Sq_119,0.76236552,0.49063237809872007,0.6441541434687601,0.6354240372648001
PCA_Sq_120,0.7119714529539661,0.5384168758284992,0.6813719384247326,0.8405079858
PCA_Sq_121,0.4803805721721888,0.6540535420657184,0.5110205219799369,0.9044674383822608
PCA_Sq_122,0.86436,0.6489846271147092,0.5706190400937766,1.0169108964000002
PCA_Sq_123,0.45935634276000026,0.43422598956512476,0.6059063077895447,0.76236552
PCA_Sq_124,0.861397560364058,0.5651629393548585,0.6680117043379733,0.9417611811560401
PCA_Sq_125,0.7687846376784,0.46336737819816215,0.5279196561411813,0.96486886125
PCA_Sq_126,0.7972581427776,0.6202062434621216,0.5048148417401161,0.7779240000000001
PCA_Sq_127,0.5557644640800001,0.398778970008788,0.593788181633754,0.7119714529539662
PCA_Sq_128,0.7321758454079998,0.6356205462251878,0.529783369073232,0.8789771024123039
PCA_Sq_129,0.44488044788866415,0.5045555895935541,0.6334420702434711,0.9338977619999999
PCA_Sq_130,0.59306243478048,0.6514179485332461,0.6062727265996493,0.8236978260840002
PCA_Sq_131,0.49018425731856,0.5470219067335914,0.6788978210012587,0.8686505278223234
PCA_Sq_132,0.7351381800000002,0.765686720323607,0.5725814608611199,0.91521980676
PCA_Sq_133,0.43774679639190706,0.7091024716916925,0.5914024249143109,0.972405
PCA_Sq_134,0.5695771623631729,0.5360814685989196,1.0145595159191005,0.9229259575329192
PCA_Sq_135,0.605165749776,0.5230810674763835,0.42739531603266284,0.9005442705000001
PCA_Sq_136,2.0,0.5296195808198382,0.703606927536082,0.7265014826060878
PCA_Sq_137,0.6751269000000002,2.0,0.7512808289636653,0.6354240372648
PCA_Sq_138,0.7204354164000001,0.5253598392269411,0.701412289554872,0.933897762
PCA_Sq_139,0.7471182096,0.7328451920999017,0.48910203436609473,0.9306969940953463
PCA_Sq_140,0.5340789776903412,0.5980560204813317,0.6036429915888004,0.6127303216482002
PCA_Sq_141,0.69190617391056,0.6949204222578585,0.8074488938869198,0.8334900000000001
PCA_Sq_142,0.5956460762210215,0.5886481878591466,0.4617792692074904,0.7060267080719999
PCA_Sq_143,0.500188017672,0.46726893152259064,0.5965511522664185,0.7844741200799998
PCA_Sq_144,0.5251974185556,0.5743730020702709,0.5941472720676559,1.2360615502673025
PCA_Sq_145,2.0,0.7413280434756001,0.49691891067590066,0.8969154106248001
PCA_Sq_146,0.60761421,0.6006614161828026,0.7097507249721347,0.972405
PCA_Sq_147,2.0,0.6004757152152361,0.6182717426423928,0.934462532002081
PCA_Sq_148,0.6837773834169891,0.697732023894887,0.500800111540338,0.7881243762199974
PCA_Sq_149,0.6724063886399999,0.455937289043381,0.6009700496906143,0.8686505278223232
PCA_Sq_150,0.57188163353832,0.8074735087231091,0.7094668246821455,0.7752578043276522
PCA_Sq_151,0.57188163353832,2.0,0.586094900071705,0.7148520419229001
PCA_Sq_152,0.76236552,0.4885042382607654,0.6495779213567671,0.7060267080720001
PCA_Sq_153,0.64839187476,0.5492351208502027,0.603278162136639,0.7628265567363923
PCA_Sq_154,0.605165749776,0.5628855420288653,0.5151171854490979,0.6379949205000001
PCA_Sq_155,0.5230810674763835,0.7121916346937822,0.51934826381961,0.94911683664
PCA_Sq_156,0.6051657497759999,0.5982409731427769,0.673229230877272,0.7628265567363923
PCA_Sq_157,0.6701018357486492,0.5516278311882881,0.5322558916649869,0.86436
PCA_Sq_158,0.500188017672,0.6409724712244038,0.6518118902805318,1.0090298369529
PCA_Sq_159,0.6354240372648,0.6328635137368588,0.5475219878356467,0.8004837960000001
PCA_Sq_160,0.5766968768927128,0.6645066894237017,0.6393596137904072,1.0169108964
PCA_Sq_161,0.6254283800320727,0.6540535420657183,0.5743208103540806,0.9229259575329192
PCA_Sq_162,0.67240638864,0.610261245389114,2.0,1.0854774689062503
PCA_Sq_163,0.854205152976,0.4342259895651248,0.5384780492640052,0.9609807970980001
PCA_Sq_164,0.5126194461268556,0.7091024716916925,0.7419383329513755,0.9157732813620392
PCA_Sq_165,0.55576446408,0.4672689315225904,0.7364829040326157,0.7204354164
PCA_Sq_166,0.6102612453891139,0.5387424807420723,0.5432293261692757,0.9571084004045087
PCA_Sq_167,0.583552687284,0.6645066894237018,0.6287272720292656,0.6751269000000001
PCA_Sq_168,0.6780680504323489,0.6254283800320728,0.5280829186819616,0.7119714529539664
PCA_Sq_169,0.76236552,2.0,0.763062465743338,1.0090298369529003
PCA_Sq_170,0.642978,0.7091024716916926,0.7273905225013485,1.0470341183572645
PCA_Sq_171,0.567106596,0.6949204222578587,1.1739452927302476,1.0895473889999998
PCA_Sq_172,0.41342070848400003,0.5956460762210217,0.5917530786157686,1.0767469504550722
PCA_Sq_173,0.6175160712000001,0.6461696273290548,0.6729599391849213,0.9609807970979999
PCA_Sq_174,0.5492351208502027,0.4236956646558706,0.5153233147750077,0.88253338509
PCA_Sq_175,0.47665762273785456,0.6078021185928791,0.523721176200971,0.8969154106247998
PCA_Sq_176,0.5208121800000001,0.6645066894237018,0.6703090690407101,1.0677564412199998
PCA_Sq_177,0.5954619258,0.6921201503340935,0.5985483629718609,0.8306333617796273
PCA_Sq_178,0.6724063886400001,0.6202062434621216,0.6057189853070618,1.0006047450000002
PCA_Sq_179,0.8203786289181504,0.7036069275360819,0.36815728254156127,0.6354240372648
PCA_Sq_180,0.5695771623631729,0.5387424807420722,0.6518118902805318,0.7849485268817477
PCA_Sq_181,0.6301184400000001,0.5886481878591466,0.42722435790624974,0.7752578043276521
PCA_Sq_182,0.7290000000000001,0.49646504806945935,0.43287158441100676,0.854205152976
PCA_Sq_183,0.6919061739105601,0.5108625344634737,0.6209652069424847,0.8938413931291707
PCA_Sq_184,0.59306243478048,0.6102612453891139,0.5770536264662333,0.7265014826060879
PCA_Sq_185,0.5230810674763835,0.38465578442939646,0.48668621140946344,0.8716379112
PCA_Sq_186,0.732175845408,0.6753356873254213,0.7132738001172211,0.933897762
PCA_Sq_187,0.5296195808198383,0.5982409731427767,0.44170569837857837,0.9417611811560401
PCA_Sq_188,2.0,0.680811468498,0.6786879324037192,0.8648827173882
PCA_Sq_189,0.7972581427775999,0.49446447780168296,0.5089612985432178,0.9766412249025599
PCA_Sq_190,0.7204354164,0.6202062434621216,0.6443533522705037,0.7501410000000001
PCA_Sq_191,0.5446491747983999,2.0,0.6895347889853601,0.800483796
PCA_Sq_192,0.46135750151417004,0.7383407660263352,0.6424446525602205,1.06775644122
PCA_Sq_193,0.514693470184488,0.5606173217706156,0.8161914028294395,0.98
PCA_Sq_194,0.5230810674763834,0.735365526198792,0.6793083810640201,0.7942800465810002
PCA_Sq_195,0.7628265567363924,0.56095635229287,0.6592968486207555,0.8140206945440348
PCA_Sq_196,0.583552687284,2.0,0.7752578043276522,0.882
PCA_Sq_197,0.8203786289181503,0.6837773834169892,0.5320913390045158,0.7876480500000002
PCA_Sq_198,0.43234251495496984,0.6925387065344071,0.4966185830708813,0.8648827173881999
PCA_Sq_199,0.686128968,2.0,0.8969154106248,0.91521980676
PCA_Sq_200,0.5126194461268558,0.640972471224404,0.44510903758910014,0.7942800465810002
